"Reference","Qty","Value","DNP","Exclude from BOM","Exclude from Board","Exclude from Simulation","Exclude from Position Files","Footprint","Datasheet"
"C1,C2,C16,C17","4","1uF","","","","","${EXCLUDE_FROM_POS_FILES}","",""
"C3,C4,C21","3","100nF","","","","","${EXCLUDE_FROM_POS_FILES}","",""
"C5,C6,C10,C11","4","5-60pF","","","","","${EXCLUDE_FROM_POS_FILES}","",""
"C7,C12","2","100nF","","","","","${EXCLUDE_FROM_POS_FILES}","Package_SO:SOIC-8_3.9x4.9mm_P1.27mm",""
"C8,C9,C13,C14","4","2.2nF C0G","","","","","${EXCLUDE_FROM_POS_FILES}","Package_SO:SOIC-8_3.9x4.9mm_P1.27mm",""
"C15,C18","2","10nF","","","","","${EXCLUDE_FROM_POS_FILES}","",""
"C19","1","470pF C0G","","","","","${EXCLUDE_FROM_POS_FILES}","",""
"C20","1","1nF C0G","","","","","${EXCLUDE_FROM_POS_FILES}","",""
"D1,D2","2","BAV99","","","","","${EXCLUDE_FROM_POS_FILES}","Package_TO_SOT_SMD:SOT-23","https://assets.nexperia.com/documents/data-sheet/BAV99_SER.pdf"
"D3,D4,D5","3","LED","","","","","${EXCLUDE_FROM_POS_FILES}","",""
"J1","1","USB_5V_IN","","","","","${EXCLUDE_FROM_POS_FILES}","Connector_RJ:RJ45_Abracon_ARJP11A-MA_Horizontal",""
"J2","1","BNC_CH1","","","","","${EXCLUDE_FROM_POS_FILES}","",""
"J3","1","BNC_CH2","","","","","${EXCLUDE_FROM_POS_FILES}","",""
"J4","1","LINK1","","","","","${EXCLUDE_FROM_POS_FILES}","",""
"J5","1","LCD_AFY800480_40P","","","","","${EXCLUDE_FROM_POS_FILES}","Package_LCC:PLCC-84_29.3x29.3mm_P1.27mm","https://orientdisplay.com/pdf/AFY800480B0-7.0N12NTM-C.pdf"
"J6","1","GT911_TOUCH_6P","","","","","${EXCLUDE_FROM_POS_FILES}","","https://orientdisplay.com/pdf/AFY800480B0-7.0N12NTM-C.pdf"
"J7","1","XL6009_IN","","","","","${EXCLUDE_FROM_POS_FILES}","Package_LCC:PLCC-44_16.6x16.6mm_P1.27mm",""
"J8","1","XL6009_OUT","","","","","${EXCLUDE_FROM_POS_FILES}","Package_LCC:PLCC-44_16.6x16.6mm_P1.27mm",""
"J9","1","LINK1","","","","","${EXCLUDE_FROM_POS_FILES}","Package_LCC:PLCC-44_16.6x16.6mm_P1.27mm",""
"J10,J12","2","LINK2","","","","","${EXCLUDE_FROM_POS_FILES}","Package_LCC:PLCC-44_16.6x16.6mm_P1.27mm",""
"J11","1","BNC_GEN","","","","","${EXCLUDE_FROM_POS_FILES}","",""
"R1","1","0R","","","","","${EXCLUDE_FROM_POS_FILES}","Package_TO_SOT_THT:TO-92_Inline",""
"R2,R10,R11,R15,R16,R17,R18,R24,R26,R28,R30,R32,R34,R36,R38","15","10k","","","","","${EXCLUDE_FROM_POS_FILES}","",""
"R3,R22,R23,R25,R27,R29,R31,R33,R35,R37","10","20k","","","","","${EXCLUDE_FROM_POS_FILES}","",""
"R4,R7","2","750k","","","","","${EXCLUDE_FROM_POS_FILES}","",""
"R5,R8","2","250k","","","","","${EXCLUDE_FROM_POS_FILES}","",""
"R6,R9","2","150R","","","","","${EXCLUDE_FROM_POS_FILES}","",""
"R12,R13,R14","3","330R","","","","","${EXCLUDE_FROM_POS_FILES}","",""
"R19,R20","2","4.7k","","","","","${EXCLUDE_FROM_POS_FILES}","",""
"R21","1","75R","","","","","${EXCLUDE_FROM_POS_FILES}","",""
"R39","1","51R","","","","","${EXCLUDE_FROM_POS_FILES}","",""
"SW1,SW2,SW3","3","EC11","","","","","${EXCLUDE_FROM_POS_FILES}","",""
"SW4,SW5,SW6","3","SW_Push","","","","","${EXCLUDE_FROM_POS_FILES}","Button_Switch_THT:SW_NKK_GW12LJP",""
"U1","1","MCP1700-3302E/T0","","","","","${EXCLUDE_FROM_POS_FILES}","Package_TO_SOT_THT:TO-92_Inline","https://ww1.microchip.com/downloads/aemDocuments/documents/APID/ProductDocuments/DataSheets/MCP1700-Data-Sheet-20001826F.pdf"
"U2,U3,U4,U10","4","MCP6292","","","","","${EXCLUDE_FROM_POS_FILES}","Package_TO_SOT_SMD:SOT-353_SC-70-5",""
"U5","1","ESP32-S3-N16R8-DEVBOARD","","","","","${EXCLUDE_FROM_POS_FILES}","","https://lonelybinary.com/en-us/collections/boards/products/3-pack-esp32-s3-n16r8-dev-board-3-terminal-bases"
"U6,U7","2","ADS7883","","","","","${EXCLUDE_FROM_POS_FILES}","Package_TO_SOT_SMD:SOT-23-6","https://www.ti.com/lit/ds/symlink/ads7883.pdf"
"U8","1","ESP32-S3-N16R8-DEVBOARD","","","","","${EXCLUDE_FROM_POS_FILES}","RF_Module:ESP32-S2-MINI-1","https://lonelybinary.com/en-us/collections/boards/products/3-pack-esp32-s3-n16r8-dev-board-3-terminal-bases"
"U9","1","ESP32-S3-N16R8-DEVBOARD","","","","","${EXCLUDE_FROM_POS_FILES}","RF_Module:ESP32-C3-WROOM-02","https://lonelybinary.com/en-us/collections/boards/products/3-pack-esp32-s3-n16r8-dev-board-3-terminal-bases"
